name,datetime,temp,feelslike,dew,humidity,precip,precipprob,preciptype,snow,snowdepth,windgust,windspeed,winddir,sealevelpressure,cloudcover,visibility,solarradiation,solarenergy,uvindex,severerisk,conditions,icon,stations
Bangkok,2024-04-24T00:00:00,30.7,38.3,25.7,74.75,0,0,,0,0,31,20.5,200,1006,27.1,10,0,0,0,30,Partially cloudy,partly-cloudy-night,"E4214,VTBS,VTBD,48456099999,48459099999"
Bangkok,2024-04-24T01:00:00,30.3,40,27.3,83.88,0,0,,0,0,30.2,6.9,128,1005.3,80.8,9.9,0,0,0,60,Partially cloudy,partly-cloudy-night,"48429099999,E4214,48455099999,48453099999,48456099999,48459099999,48420099999"
Bangkok,2024-04-24T02:00:00,30,37.4,26,79.19,0,0,,0,0,31.3,19.1,190,1005,27.1,10,0,0,0,60,Partially cloudy,partly-cloudy-night,"E4214,VTBS,VTBD,48456099999,48459099999"
Bangkok,2024-04-24T03:00:00,30.2,37.5,25.7,76.9,0,0,,0,0,31.7,13,173,1005,33.2,10,0,0,0,30,Partially cloudy,partly-cloudy-night,"E4214,VTBS,VTBD,48456099999,48459099999"
Bangkok,2024-04-24T04:00:00,30.3,39.2,26.8,81.57,0,0,,0,0,31,7.4,142,1004.8,82.7,9.9,0,0,0,38,Partially cloudy,partly-cloudy-night,"48429099999,E4214,48455099999,48453099999,48456099999,48459099999,48420099999"
Bangkok,2024-04-24T05:00:00,30,37.1,25.7,78.02,0,0,,0,0,29.5,16.2,173,1005.3,50,10,0,0,0,38,Partially cloudy,partly-cloudy-night,"E4214,VTBS,VTBD,48456099999,48459099999"
Bangkok,2024-04-24T06:00:00,30,37.1,25.7,78.02,0,0,,0,0,29.9,14.3,173,1006,33.2,10,0,0,0,38,Partially cloudy,partly-cloudy-day,"E4214,VTBS,VTBD,48456099999,48459099999"
Bangkok,2024-04-24T07:00:00,30.4,39.9,27.2,82.87,0,0,,0,0,25.9,6.4,175,1006.6,79.8,8.4,76,0.3,1,38,Partially cloudy,partly-cloudy-day,"48429099999,E4214,48455099999,48453099999,48456099999,48454099999,48459099999"
Bangkok,2024-04-24T08:00:00,32,41.4,26.5,72.76,0,0,,0,0,23,16.2,175,1008,33.2,10,309,1.1,3,38,Partially cloudy,partly-cloudy-day,"E4214,VTBS,VTBD,48456099999,48459099999"
Bangkok,2024-04-24T09:00:00,32.7,41.3,25.7,66.73,0,0,,0,0,23,18.9,185,1009,50,10,532,1.9,5,75,Partially cloudy,partly-cloudy-day,"E4214,VTBS,VTBD,48456099999,48459099999"
Bangkok,2024-04-24T10:00:00,33.4,44.6,27,69.28,0,0,,0,0,22.7,9.9,162,1008.6,79.8,9.4,796,2.9,8,75,Partially cloudy,partly-cloudy-day,"48429099999,E4214,48455099999,48453099999,48456099999,48454099999,48459099999"
Bangkok,2024-04-24T11:00:00,35.7,43.9,24.7,53.2,0,0,,0,0,22.7,17.6,200,1008.3,43.9,10,302,1.1,3,60,Partially cloudy,partly-cloudy-day,"E4214,VTBS,VTBD,48456099999,48459099999"
Bangkok,2024-04-24T12:00:00,35.7,43.9,24.7,53.2,0,0,,0,0,23,17.6,190,1008,43.9,10,229,0.8,2,30,Partially cloudy,partly-cloudy-day,"E4214,VTBS,VTBD,48456099999,48459099999"
Bangkok,2024-04-24T13:00:00,36.1,43.9,24.4,50.98,0,0,,0,0,23,4.7,195,1007,48.1,10,642,2.3,6,30,Partially cloudy,partly-cloudy-day,"48429099999,E4214,48455099999,48453099999,48456099999,48454099999,48459099999"
Bangkok,2024-04-24T14:00:00,37.7,44.2,23,42.92,0,0,,0,0,23.4,19.4,178,1006,27.1,10,619,2.2,6,10,Partially cloudy,partly-cloudy-day,"E4214,VTBS,VTBD,48456099999,48459099999"
Bangkok,2024-04-24T15:00:00,37.5,40.3,19.5,35.13,0,0,,0,0,23,18.9,190,1005,27.1,10,513,1.8,5,10,Partially cloudy,partly-cloudy-day,"E4214,VTBS,VTBD,48456099999,48459099999"
Bangkok,2024-04-24T16:00:00,36.4,45.8,25.4,53.26,0,0,,0,0,22.3,8.9,160,1004.2,35.1,10.1,340,1.2,3,10,Partially cloudy,partly-cloudy-day,"48429099999,E4214,48455099999,48453099999,48456099999,48454099999,48459099999"
Bangkok,2024-04-24T17:00:00,36.5,38.7,19,35.96,0,0,,0,0,24.1,19.4,210,1004,27.1,10,66,0.2,1,3,Partially cloudy,partly-cloudy-day,"E4214,VTBS,VTBD,48456099999,48459099999"
Bangkok,2024-04-24T18:00:00,35.5,39.6,21.5,44.33,0,0,,0,0,26.3,19.4,193,1004,27.1,10,11,0,0,3,Partially cloudy,partly-cloudy-day,"E4214,VTBS,VTBD,48456099999,48459099999"
Bangkok,2024-04-24T19:00:00,33.1,41.2,25.3,63.77,0,0,,0,0,23.8,8.8,186,1004.5,36.7,10,0,0,0,3,Partially cloudy,partly-cloudy-night,"48429099999,E4214,48455099999,48453099999,48456099999,48454099999,48459099999"
Bangkok,2024-04-24T20:00:00,32,37.3,23.5,60.87,0,0,,0,0,27.7,22.8,200,1005,27.1,10,0,0,0,8,Partially cloudy,partly-cloudy-night,"E4214,VTBS,VTBD,48456099999,48459099999"
Bangkok,2024-04-24T21:00:00,31.7,38.8,25,67.54,0,0,,0,0,29.2,21.4,200,1006,27.1,10,0,0,0,8,Partially cloudy,partly-cloudy-night,"E4214,VTBS,VTBD,48456099999,48459099999"
Bangkok,2024-04-24T22:00:00,30.7,39.7,26.7,79.22,0,0,,0,0,27.7,8.7,177,1006.7,57.4,9.9,0,0,0,8,Partially cloudy,partly-cloudy-night,"48429099999,E4214,48455099999,48453099999,48456099999,48459099999,48420099999"
Bangkok,2024-04-24T23:00:00,31,38.7,25.7,73.68,0,0,,0,0,31,25.5,190,1007,27.1,10,0,0,0,8,Partially cloudy,partly-cloudy-night,"E4214,VTBS,VTBD,48456099999,48459099999"
Bangkok,2024-04-25T00:00:00,31,38.7,25.7,73.68,0,0,,0,0,30.2,26.4,197,1007,27.1,10,0,0,0,15,Partially cloudy,partly-cloudy-night,"E4214,VTBS,VTBD,48456099999,48459099999"
Bangkok,2024-04-25T01:00:00,30.1,38.5,26.6,81.54,0,0,,0,0,32,7.3,208,1006.9,60.3,9.9,0,0,0,15,Partially cloudy,partly-cloudy-night,"48429099999,E4214,48455099999,48453099999,48456099999,48459099999,48420099999"
Bangkok,2024-04-25T02:00:00,30,37.1,25.7,78.02,0,0,,0,0,29.9,14.9,183,1006.7,27.1,10,0,0,0,60,Partially cloudy,partly-cloudy-night,"E4214,VTBS,VTBD,48456099999,48459099999"
Bangkok,2024-04-25T03:00:00,30,36.2,25,74.63,0,0,,0,0,26.6,10.3,183,1006,27.1,10,0,0,0,60,Partially cloudy,partly-cloudy-night,"E4214,VTBS,VTBD,48456099999,48459099999"
Bangkok,2024-04-25T04:00:00,29.7,37.7,26.5,82.82,0,0,,0,0,24.1,1.8,183,1006.2,59.8,9.9,0,0,0,30,Partially cloudy,partly-cloudy-night,"48429099999,E4214,48455099999,48453099999,48456099999,48459099999,48420099999"
Bangkok,2024-04-25T05:00:00,30,37.1,25.7,78.02,0,0,,0,0,22.7,8.9,158,1007,27.1,10,0,0,0,30,Partially cloudy,partly-cloudy-night,"E4214,VTBS,VTBD,48456099999,48459099999"
Bangkok,2024-04-25T06:00:00,30,37.1,25.7,78.02,0,0,,0,0,22.7,8.9,155,1007,27.1,10,4,0,0,30,Partially cloudy,partly-cloudy-day,"E4214,VTBS,VTBD,48456099999,48459099999"
Bangkok,2024-04-25T07:00:00,30.3,38.7,26.6,80.62,0,0,,0,0,20.5,3.7,185,1007.4,59.9,9.4,64,0.2,1,30,Partially cloudy,partly-cloudy-day,"48429099999,E4214,48455099999,48453099999,48456099999,48454099999,48459099999"
Bangkok,2024-04-25T08:00:00,32,39.5,25.2,67.59,0,0,,0,0,19.1,14.3,160,1009,27.1,10,234,0.8,2,30,Partially cloudy,partly-cloudy-day,"E4214,VTBS,VTBD,48456099999,48459099999"
Bangkok,2024-04-25T09:00:00,33.7,41.2,24.7,59.44,0,0,,0,0,18.4,15.2,173,1010,27.1,10,509,1.8,5,30,Partially cloudy,partly-cloudy-day,"E4214,VTBS,VTBD,48456099999,48459099999"
Bangkok,2024-04-25T10:00:00,34.3,42.5,25.1,58.62,0,0,,0,0,18.7,8.1,148,1009.1,48.7,10,765,2.8,8,10,Partially cloudy,partly-cloudy-day,"48429099999,E4214,48455099999,48453099999,48456099999,48454099999,48459099999"
Bangkok,2024-04-25T11:00:00,35.7,41.9,23.2,48.6,0,0,,0,0,19.1,14.3,168,1008,27.1,10,800,2.9,8,10,Partially cloudy,partly-cloudy-day,"E4214,VTBS,VTBD,48456099999,48459099999"
Bangkok,2024-04-25T12:00:00,36.7,41.5,21.7,41.99,0,0,,0,0,20.2,12.1,200,1008,27.1,10,426,1.5,4,10,Partially cloudy,partly-cloudy-day,"E4214,VTBS,VTBD,48456099999,48459099999"
Bangkok,2024-04-25T13:00:00,36.5,45.3,24.9,51.53,0,0,,0,0,19.4,10.3,159,1006.5,33.4,10,720,2.6,7,3,Partially cloudy,partly-cloudy-day,"48429099999,E4214,48455099999,48453099999,48456099999,48454099999,48459099999"
Bangkok,2024-04-25T14:00:00,38.5,42.9,21,36.47,0,0,,0,0,19.1,15.7,197,1005,27.1,10,631,2.3,6,10,Partially cloudy,partly-cloudy-day,"E4214,VTBS,VTBD,48456099999,48459099999"
Bangkok,2024-04-25T15:00:00,38.7,42.5,20.2,34.36,0,0,,0,0,19.8,15.2,200,1005,27.1,10,525,1.9,5,10,Partially cloudy,partly-cloudy-day,"E4214,VTBS,VTBD,48456099999,48459099999"
Bangkok,2024-04-25T16:00:00,36.6,43.2,23.4,46.92,0,0,,0,0,20.5,10.4,93,1004,32.6,10,325,1.2,3,10,Partially cloudy,partly-cloudy-day,"48429099999,E4214,48455099999,48453099999,48456099999,48454099999,48459099999"
Bangkok,2024-04-25T17:00:00,37.2,39.1,18.3,32.94,0,0,,0,0,23,18.9,207,1004,27.1,10,70,0.3,1,10,Partially cloudy,partly-cloudy-day,"E4214,VTBS,VTBD,48456099999,48459099999"
Bangkok,2024-04-25T18:00:00,35.2,38.4,20.5,42.27,0,0,,0,0,25.2,21,195,1004,27.1,10,20,0.1,0,10,Partially cloudy,partly-cloudy-day,"E4214,VTBS,VTBD,48456099999,48459099999"
Bangkok,2024-04-25T19:00:00,33,41.1,25.4,64.61,0,0,,0,0,27,7.3,137,1004.9,40.6,10,0,0,0,10,Partially cloudy,partly-cloudy-night,"48429099999,E4214,48455099999,48453099999,48456099999,48454099999,48459099999"
Bangkok,2024-04-25T20:00:00,32,36.8,23,59.04,0,0,,0,0,28.1,18,190,1005,27.1,10,0,0,0,5,Partially cloudy,partly-cloudy-night,"E4214,VTBS,VTBD,48456099999,48459099999"
Bangkok,2024-04-25T21:00:00,31.7,36.7,23.2,60.81,0,0,,0,0,28.8,16.2,190,1005.7,27.1,10,0,0,0,5,Partially cloudy,partly-cloudy-night,"E4214,VTBS,VTBD,48456099999,48459099999"
Bangkok,2024-04-25T22:00:00,31,39.5,26.2,75.56,0,0,,0,0,29.2,5.7,156,1006.2,40.6,9.9,0,0,0,5,Partially cloudy,partly-cloudy-night,"48429099999,E4214,48455099999,48453099999,48456099999,48459099999,48420099999"
Bangkok,2024-04-25T23:00:00,31,36.8,24.2,67.39,0,0,,0,0,30.2,16.2,190,1007,27.1,10,0,0,0,5,Partially cloudy,partly-cloudy-night,"E4214,VTBS,VTBD,48456099999,48459099999"
Bangkok,2024-04-26T00:00:00,31,38.7,25.7,73.68,0,0,,0,0,27,16.7,190,1006.3,27.1,10,0,0,0,5,Partially cloudy,partly-cloudy-night,"E4214,VTBS,VTBD,48456099999,48459099999"
Bangkok,2024-04-26T01:00:00,30.2,38.8,26.7,81.88,0,0,,0,0,26.3,7.5,189,1005.9,42.1,9.9,0,0,0,8,Partially cloudy,partly-cloudy-night,"48429099999,E4214,48455099999,48453099999,48456099999,48459099999,48420099999"
Bangkok,2024-04-26T02:00:00,30,37.1,25.7,78.02,0,0,,0,0,27,16.2,197,1006,27.1,10,0,0,0,8,Partially cloudy,partly-cloudy-night,"E4214,VTBS,VTBD,48456099999,48459099999"
Bangkok,2024-04-26T03:00:00,30,37.1,25.7,78.02,0,0,,0,0,28.4,16.6,190,1005.7,27.1,10,0,0,0,8,Partially cloudy,partly-cloudy-night,"E4214,VTBS,VTBD,48456099999,48459099999"
Bangkok,2024-04-26T04:00:00,29.9,37.8,26.4,81.88,0,0,,0,0,29.9,5.8,164,1005.6,42.1,9.9,0,0,0,8,Partially cloudy,partly-cloudy-night,"48429099999,E4214,48455099999,48453099999,48456099999,48459099999,48420099999"
Bangkok,2024-04-26T05:00:00,30,37.1,25.7,78.02,0,0,,0,0,29.2,11.6,180,1006,27.1,10,0,0,0,8,Partially cloudy,partly-cloudy-night,"E4214,VTBS,VTBD,48456099999,48459099999"
Bangkok,2024-04-26T06:00:00,29.2,35.8,25.7,81.46,0,0,,0,0,27.7,5.5,148,1006,27.1,10,7,0,0,8,Partially cloudy,partly-cloudy-day,"E4214,VTBS,VTBD,48456099999,48459099999"
Bangkok,2024-04-26T07:00:00,30.1,38,26.3,80.5,0,0,,0,0,24.8,3.2,158,1007.1,35.4,10,60,0.2,1,8,Partially cloudy,partly-cloudy-day,"48429099999,E4214,48455099999,48453099999,48456099999,48454099999,48459099999"
Bangkok,2024-04-26T08:00:00,31.2,39.1,25.7,72.63,0,0,,0,0,22.7,13.4,113,1008,33.2,10,268,1,3,30,Partially cloudy,partly-cloudy-day,"E4214,VTBS,VTBD,48456099999,48459099999"
Bangkok,2024-04-26T09:00:00,33,41.7,25.7,65.79,0,0,,0,0,20.9,13.4,133,1009,33.2,10,552,2,6,30,Partially cloudy,partly-cloudy-day,"E4214,VTBS,VTBD,48456099999,48459099999"
Bangkok,2024-04-26T10:00:00,34.2,44.4,26.3,63.77,0,0,,0,0,19.1,9.5,206,1008.6,51.6,10,687,2.5,7,30,Partially cloudy,partly-cloudy-day,"48429099999,E4214,48455099999,48453099999,48456099999,48454099999,48459099999"
Bangkok,2024-04-26T11:00:00,36.2,43.5,24,49.49,0,0,,0,0,19.1,15.3,212,1008,27.1,10,807,2.9,8,30,Partially cloudy,partly-cloudy-day,"E4214,VTBS,VTBD,48456099999,48459099999"
Bangkok,2024-04-26T12:00:00,36.5,43.8,24,48.81,0,0,,0,0,19.8,17.6,217,1007.3,27.1,10,754,2.7,8,30,Partially cloudy,partly-cloudy-day,"E4214,VTBS,VTBD,48456099999,48459099999"
Bangkok,2024-04-26T13:00:00,36.2,47.8,26.7,58.09,0,0,,0,0,20.5,11.2,158,1006.5,38.6,10,707,2.5,7,30,Partially cloudy,partly-cloudy-day,"48429099999,E4214,48455099999,48453099999,48456099999,48454099999,48459099999"
Bangkok,2024-04-26T14:00:00,37.5,43.2,22.5,42.21,0,0,,0,0,20.5,19.8,205,1005,27.1,10,645,2.3,6,10,Partially cloudy,partly-cloudy-day,"E4214,VTBS,VTBD,48456099999,48459099999"
Bangkok,2024-04-26T15:00:00,37.5,41.4,20.7,37.93,0,0,,0,0,19.8,18.9,195,1004.3,27.1,10,543,2,5,10,Partially cloudy,partly-cloudy-day,"E4214,VTBS,VTBD,48456099999,48459099999"
Bangkok,2024-04-26T16:00:00,35.9,45.3,25.5,55.03,0,0,,0,0,19.4,9.8,172,1004,38.6,10,336,1.2,3,10,Partially cloudy,partly-cloudy-day,"48429099999,E4214,48455099999,48453099999,48456099999,48454099999,48459099999"
Bangkok,2024-04-26T17:00:00,36.7,41.2,21.5,41.36,0,0,,0,0,20.5,21,175,1003.3,27.1,10,66,0.2,1,10,Partially cloudy,partly-cloudy-day,"E4214,VTBS,VTBD,48456099999,48459099999"
Bangkok,2024-04-26T18:00:00,35.5,39.4,21.2,43.65,0,0,,0,0,24.8,19.4,183,1003,27.1,10,20,0.1,0,10,Partially cloudy,partly-cloudy-day,"E4214,VTBS,VTBD,48456099999,48459099999"
Bangkok,2024-04-26T19:00:00,32.9,41.2,25.5,65.27,0,0,,0,0,29.9,10.4,188,1003.9,44.7,10,0,0,0,3,Partially cloudy,partly-cloudy-night,"48429099999,E4214,48455099999,48453099999,48456099999,48454099999,48459099999"
Bangkok,2024-04-26T20:00:00,32.7,38,23.2,57.47,0,0,,0,0,33.1,24.6,195,1004.3,27.1,10,0,0,0,3,Partially cloudy,partly-cloudy-night,"E4214,VTBS,VTBD,48456099999,48459099999"
Bangkok,2024-04-26T21:00:00,32,38.8,24.7,65.59,0,0,,0,0,34.9,23.2,197,1005,27.1,10,0,0,0,8,Partially cloudy,partly-cloudy-night,"E4214,VTBS,VTBD,48456099999,48459099999"
Bangkok,2024-04-26T22:00:00,31.1,39,25.8,73.69,0,0,,0,0,33.1,5.7,166,1006,35.3,9.9,0,0,0,8,Partially cloudy,partly-cloudy-night,"48429099999,E4214,48455099999,48453099999,48456099999,48459099999,48420099999"
Bangkok,2024-04-26T23:00:00,31,36.5,24,66.38,0,0,,0,0,34.6,17.1,200,1006.7,27.1,10,0,0,0,8,Partially cloudy,partly-cloudy-night,"E4214,VTBS,VTBD,48456099999,48459099999"
Bangkok,2024-04-27T00:00:00,31,38.7,25.7,73.68,0,0,,0,0,33.8,19.8,193,1006,27.1,10,0,0,0,8,Partially cloudy,partly-cloudy-night,"E4214,VTBS,VTBD,48456099999,48459099999"
Bangkok,2024-04-27T01:00:00,30.6,39.3,26.6,79.42,0,0,,0,0,32,6.5,142,1005.8,35.2,9.9,0,0,0,15,Partially cloudy,partly-cloudy-night,"48429099999,E4214,48455099999,48453099999,48456099999,48459099999,48420099999"
Bangkok,2024-04-27T02:00:00,31,38.7,25.7,73.68,0,0,,0,0,29.5,19.4,190,1006,27.1,10,0,0,0,60,Partially cloudy,partly-cloudy-night,"E4214,VTBS,VTBD,48456099999,48459099999"
Bangkok,2024-04-27T03:00:00,31,39.1,26,74.79,0,0,,0,0,29.2,18.9,193,1005,27.1,10,0,0,0,60,Partially cloudy,partly-cloudy-night,"E4214,VTBS,VTBD,48456099999,48459099999"
Bangkok,2024-04-27T04:00:00,30.1,38.7,26.7,81.94,0,0,,0,0,28.4,6.4,165,1005.4,33.6,9.9,0,0,0,60,Partially cloudy,partly-cloudy-night,"48429099999,E4214,48455099999,48453099999,48456099999,48459099999,48420099999"
Bangkok,2024-04-27T05:00:00,31,39.1,26,74.79,0,0,,0,0,26.3,12.1,173,1005,27.1,10,0,0,0,75,Partially cloudy,partly-cloudy-night,"E4214,VTBS,VTBD,48456099999,48459099999"
Bangkok,2024-04-27T06:00:00,30,38.4,26.7,82.77,0,0,,0,0,24.5,12.5,170,1006,27.1,10,6,0,0,75,Partially cloudy,partly-cloudy-day,"E4214,VTBS,VTBD,48456099999,48459099999"
Bangkok,2024-04-27T07:00:00,30.5,40,27.1,82.15,0,0,,0,0,19.1,7.6,159,1006.6,64.6,10,88,0.3,1,75,Partially cloudy,partly-cloudy-day,"48429099999,E4214,48455099999,48453099999,48456099999,48454099999,48459099999"
Bangkok,2024-04-27T08:00:00,32,41.8,26.7,73.85,0,0,,0,0,13.7,13,173,1007.7,50,10,279,1,3,75,Partially cloudy,partly-cloudy-day,"E4214,VTBS,VTBD,48456099999,48459099999"
Bangkok,2024-04-27T09:00:00,34,44.8,26.7,65.99,0,0,,0,0,11.2,11.2,183,1008,33.2,10,434,1.6,4,75,Partially cloudy,partly-cloudy-day,"E4214,VTBS,VTBD,48456099999,48459099999"
Bangkok,2024-04-27T10:00:00,34.7,45.7,26.7,63.2,0,0,,0,0,10.1,10.5,181,1007.7,48.6,10,685,2.5,7,60,Partially cloudy,partly-cloudy-day,"48429099999,E4214,48455099999,48453099999,48456099999,48454099999,48459099999"
Bangkok,2024-04-27T11:00:00,36.5,45.7,25.2,52.61,0,0,,0,0,11.2,13.5,220,1007.3,33.2,10,513,1.8,5,60,Partially cloudy,partly-cloudy-day,"E4214,VTBS,VTBD,48456099999,48459099999"
Bangkok,2024-04-27T12:00:00,37.5,45.9,24.5,47.64,0,0,,0,0,13,13.5,210,1007,33.2,10,770,2.8,8,60,Partially cloudy,partly-cloudy-day,"E4214,VTBS,VTBD,48456099999,48459099999"
Bangkok,2024-04-27T13:00:00,36.6,49.2,27.1,58.54,0,0,,0,0,14.4,6.6,168,1006.1,56.5,10,314,1.1,3,60,Partially cloudy,partly-cloudy-day,"48429099999,E4214,48455099999,48453099999,48456099999,48454099999,48459099999"
Bangkok,2024-04-27T14:00:00,38.2,47.6,25,47.12,0,0,,0,0,13.7,20,213,1004.3,27.1,10,452,1.6,5,60,Partially cloudy,partly-cloudy-day,"E4214,VTBS,VTBD,48456099999,48459099999"
Bangkok,2024-04-27T15:00:00,37.5,47.8,25.7,51.3,0,0,,0,0,13.7,18.9,197,1004,27.1,10,455,1.6,5,60,Partially cloudy,partly-cloudy-day,"E4214,VTBS,VTBD,48456099999,48459099999"
Bangkok,2024-04-27T16:00:00,36,47.8,26.8,59.17,0,0,,0,0,14.8,8.9,182,1003.7,48.6,10,307,1.1,3,30,Partially cloudy,partly-cloudy-day,"48429099999,E4214,48455099999,48453099999,48456099999,48454099999,48459099999"
Bangkok,2024-04-27T17:00:00,36.5,44.2,24.2,49.56,0,0,,0,0,18.4,18,183,1003,27.1,10,62,0.2,1,30,Partially cloudy,partly-cloudy-day,"E4214,VTBS,VTBD,48456099999,48459099999"
Bangkok,2024-04-27T18:00:00,35.5,44,25,54.76,0,0,,0,0,23.4,18,190,1003.3,27.1,10,12,0,0,30,Partially cloudy,partly-cloudy-day,"E4214,VTBS,VTBD,48456099999,48459099999"
Bangkok,2024-04-27T19:00:00,33,44.4,27.3,72.46,0,0,,0,0,29.5,12.1,177,1004.3,53.6,10,0,0,0,15,Partially cloudy,partly-cloudy-night,"48429099999,E4214,48455099999,48453099999,48456099999,48454099999,48459099999"
Bangkok,2024-04-27T20:00:00,32,40.2,25.7,69.61,0,0,,0,0,33.5,27.4,200,1004.3,27.1,10,0,0,0,15,Partially cloudy,partly-cloudy-night,"E4214,VTBS,VTBD,48456099999,48459099999"
Bangkok,2024-04-27T21:00:00,31.7,39.9,25.7,70.61,0,0,,0,0,36.4,30.1,190,1005,27.1,10,0,0,0,15,Partially cloudy,partly-cloudy-night,"E4214,VTBS,VTBD,48456099999,48459099999"
Bangkok,2024-04-27T22:00:00,31.1,41.4,27.4,80.55,0,0,,0,0,35.3,18.1,198,1005.7,43.4,9.9,0,0,0,15,Partially cloudy,partly-cloudy-night,"48429099999,E4214,48455099999,48453099999,48456099999,48459099999,48420099999"
Bangkok,2024-04-27T23:00:00,31,39.1,26,74.79,0,0,,0,0,35.3,24.7,197,1006,27.1,10,0,0,0,15,Partially cloudy,partly-cloudy-night,"E4214,VTBS,VTBD,48456099999,48459099999"
Bangkok,2024-04-28T00:00:00,31,39.1,26,74.79,0,0,,0,0,37.8,20.7,193,1006,27.1,10,0,0,0,15,Partially cloudy,partly-cloudy-night,"E4214,VTBS,VTBD,48456099999,48459099999"
Bangkok,2024-04-28T01:00:00,30.7,40.7,27.4,82.92,0,0,,0,0,37.4,6.1,198,1005,41.9,9.9,0,0,0,38,Partially cloudy,partly-cloudy-night,"48429099999,E4214,48455099999,48453099999,48456099999,48459099999,48420099999"
Bangkok,2024-04-28T02:00:00,31,39.1,26,74.79,0,0,,0,0,33.8,14,168,1005,27.1,10,0,0,0,38,Partially cloudy,partly-cloudy-night,"E4214,VTBS,VTBD,48456099999,48459099999"
Bangkok,2024-04-28T03:00:00,31,39.1,26,74.79,0,0,,0,0,27.7,16.2,173,1005,27.1,10,0,0,0,50,Partially cloudy,partly-cloudy-night,"E4214,VTBS,VTBD,48456099999,48459099999"
Bangkok,2024-04-28T04:00:00,30.4,40,27.2,83.24,0,0,,0,0,22.7,6.7,174,1005.2,44.6,9.9,0,0,0,50,Partially cloudy,partly-cloudy-night,"48429099999,E4214,48455099999,48453099999,48456099999,48459099999,48420099999"
Bangkok,2024-04-28T05:00:00,31,40.2,26.7,78.16,0,0,,0,0,22,12.5,163,1006,33.2,10,0,0,0,50,Partially cloudy,partly-cloudy-night,"E4214,VTBS,VTBD,48456099999,48459099999"
Bangkok,2024-04-28T06:00:00,31,40.2,26.7,78.16,0,0,,0,0,22,13,163,1006,50,10,4,0,0,50,Partially cloudy,partly-cloudy-day,"E4214,VTBS,VTBD,48456099999,48459099999"
Bangkok,2024-04-28T07:00:00,31.1,41.3,27.3,80.2,0,0,,0,0,19.1,9.2,143,1007.1,59.5,10,73,0.3,1,50,Partially cloudy,partly-cloudy-day,"48429099999,E4214,48455099999,48453099999,48456099999,48454099999,48459099999"
Bangkok,2024-04-28T08:00:00,32,41.8,26.7,73.85,0,0,,0,0,16.9,16.2,168,1008,50,10,260,0.9,3,75,Partially cloudy,partly-cloudy-day,"E4214,VTBS,VTBD,48456099999,48459099999"
Bangkok,2024-04-28T09:00:00,33.7,43.2,26,64.04,0,0,,0,0,14.8,18,190,1009,33.2,10,511,1.8,5,60,Partially cloudy,partly-cloudy-day,"E4214,VTBS,VTBD,48456099999,48459099999"
Bangkok,2024-04-28T10:00:00,34.3,45.9,27.1,65.93,0,0,,0,0,14.4,9.1,161,1008.6,67.5,9,593,2.1,6,30,Partially cloudy,partly-cloudy-day,"48429099999,E4214,48455099999,48453099999,48456099999,48454099999,48459099999"
Bangkok,2024-04-28T11:00:00,36.7,46.8,25.7,53.44,0,0,,0,0,15.8,18.5,183,1008.3,33.2,10,752,2.7,8,30,Partially cloudy,partly-cloudy-day,"E4214,VTBS,VTBD,48456099999,48459099999"
Bangkok,2024-04-28T12:00:00,36.7,46.8,25.7,53.44,0,0,,0,0,17.6,21.4,183,1008,27.1,10,762,2.7,8,30,Partially cloudy,partly-cloudy-day,"E4214,VTBS,VTBD,48456099999,48459099999"
Bangkok,2024-04-28T13:00:00,36,47.8,26.8,59.35,0,0,,0,0,18,10.9,169,1007.4,49.6,9,722,2.6,7,30,Partially cloudy,partly-cloudy-day,"48429099999,E4214,48455099999,48453099999,48456099999,48454099999,48459099999"
Bangkok,2024-04-28T14:00:00,37.7,46.6,24.7,47.68,0,0,,0,0,19.4,19.8,193,1006,27.1,10,621,2.2,6,30,Partially cloudy,partly-cloudy-day,"E4214,VTBS,VTBD,48456099999,48459099999"
Bangkok,2024-04-28T15:00:00,37.5,45.9,24.5,47.62,0,0,,0,0,19.4,23.2,190,1006,27.1,10,567,2,6,30,Partially cloudy,partly-cloudy-day,"E4214,VTBS,VTBD,48456099999,48459099999"
Bangkok,2024-04-28T16:00:00,35.5,45.9,26.2,58.94,0,0,,0,0,20.5,10.9,191,1005.1,39.3,10,343,1.2,3,30,Partially cloudy,partly-cloudy-day,"48429099999,E4214,48455099999,48453099999,48456099999,48454099999,48459099999"
Bangkok,2024-04-28T17:00:00,35.7,42.9,24,50.86,0,0,,0,0,21.6,23.2,193,1004.3,27.1,10,61,0.2,1,30,Partially cloudy,partly-cloudy-day,"E4214,VTBS,VTBD,48456099999,48459099999"
Bangkok,2024-04-28T18:00:00,34.7,41.5,24,53.76,0,0,,0,0,23.4,19.4,200,1005,27.1,10,20,0.1,0,8,Partially cloudy,partly-cloudy-day,"E4214,VTBS,VTBD,48456099999,48459099999"
Bangkok,2024-04-28T19:00:00,32.7,43,26.8,71.26,0,0,,0,0,27.7,9.3,166,1005.5,42.4,10,0,0,0,8,Partially cloudy,partly-cloudy-night,"48429099999,E4214,48455099999,48453099999,48456099999,48454099999,48459099999"
Bangkok,2024-04-28T20:00:00,32,40.2,25.7,69.61,0,0,,0,0,31,23.7,197,1006,27.1,10,0,0,0,15,Partially cloudy,partly-cloudy-night,"E4214,VTBS,VTBD,48456099999,48459099999"
Bangkok,2024-04-28T21:00:00,32,39.5,25.2,67.59,0,0,,0,0,35.3,25,193,1007,27.1,10,0,0,0,15,Partially cloudy,partly-cloudy-night,"E4214,VTBS,VTBD,48456099999,48459099999"
Bangkok,2024-04-28T22:00:00,31.1,41.4,27.4,80.85,0,0,,0,0,33.1,11.9,192,1007.9,34.4,9.9,0,0,0,15,Partially cloudy,partly-cloudy-night,"48429099999,E4214,48455099999,48453099999,48456099999,48459099999,48420099999"
Bangkok,2024-04-28T23:00:00,31,39.1,26,74.79,0,0,,0,0,33.8,25.9,190,1008,27.1,10,0,0,0,15,Partially cloudy,partly-cloudy-night,"E4214,VTBS,VTBD,48456099999,48459099999"
Bangkok,2024-04-29T00:00:00,31,39.1,26,74.79,0,0,,0,0,36.7,25,190,1008,27.1,10,0,0,0,60,Partially cloudy,partly-cloudy-night,"E4214,VTBS,VTBD,48456099999,48459099999"
Bangkok,2024-04-29T01:00:00,30.6,40.5,27.4,82.78,0,0,,0,0,38.2,10,187,1007.7,34.4,9.9,0,0,0,19,Partially cloudy,partly-cloudy-night,"48429099999,E4214,48455099999,48453099999,48456099999,48459099999,48420099999"
Bangkok,2024-04-29T02:00:00,31,39.1,26,74.79,0,0,,0,0,36.4,18,185,1007.7,27.1,10,0,0,0,19,Partially cloudy,partly-cloudy-night,"E4214,VTBS,VTBD,48456099999,48459099999"
Bangkok,2024-04-29T03:00:00,31,39.1,26,74.79,0,0,,0,0,33.5,14.9,173,1007,27.1,10,0,0,0,75,Partially cloudy,partly-cloudy-night,"E4214,VTBS,VTBD,48456099999,48459099999"
Bangkok,2024-04-29T04:00:00,30.4,40,27.3,83.48,0,0,,0,0,29.2,4.7,158,1007.2,39,9.9,0,0,0,75,Partially cloudy,partly-cloudy-night,"48429099999,E4214,48455099999,48453099999,48456099999,48459099999,48420099999"
Bangkok,2024-04-29T05:00:00,31,39.9,26.6,77.62,0,0,,0,0,25.9,14.8,190,1007.6,40.8,10,0,0,0,75,Partially cloudy,partly-cloudy-night,"E4214,VTBS,VTBD"
Bangkok,2024-04-29T06:00:00,30.6,39.8,27,81.01,0,0,,0,0,25.9,12.5,180,1008,34.2,10,1,0,0,75,Partially cloudy,partly-cloudy-day,"E4214,VTBS,VTBD"
Bangkok,2024-04-29T07:00:00,31,41.1,27.3,81.06,0,0,,0,0,21.2,13.6,186,1009,34.2,10,88,0.3,1,75,Partially cloudy,partly-cloudy-day,"E4214,VTBS,VTBD"
Bangkok,2024-04-29T08:00:00,32.6,43.1,27,72.31,0,0,,0,0,17.6,16.1,190,1010,34.2,10,136,0.5,1,75,Partially cloudy,partly-cloudy-day,"E4214,VTBS,VTBD"
Bangkok,2024-04-29T09:00:00,34,43.4,26,63.13,0,0,,0,0,15.8,19.2,177,1010,34.2,10,555,2,6,60,Partially cloudy,partly-cloudy-day,"E4214,VTBS,VTBD"
Bangkok,2024-04-29T10:00:00,34.6,43.7,25.6,59.63,0,0,,0,0,15.5,17.5,194,1010,50,10,475,1.7,5,60,Partially cloudy,partly-cloudy-day,"E4214,VTBS,VTBD"
Bangkok,2024-04-29T11:00:00,35.8,46,26,56.84,0,0,,0,0,16.9,20.5,196,1009,50,10,459,1.7,5,60,Partially cloudy,partly-cloudy-day,"E4214,VTBS,VTBD"
Bangkok,2024-04-29T12:00:00,36.2,44.9,25,52.49,0,0,,0,0,17.6,19.2,196,1008.4,50,10,836,3,8,60,Partially cloudy,partly-cloudy-day,"E4214,VTBS,VTBD"
Bangkok,2024-04-29T13:00:00,37.2,46.2,25,49.69,0,0,,0,0,17.6,17.2,194,1007,25,10,303,1.1,3,30,Partially cloudy,partly-cloudy-day,"E4214,VTBS,VTBD"
Bangkok,2024-04-29T14:00:00,37.2,45.6,24.6,48.61,0,0,,0,0,17.6,17.5,177,1006,25,10,632,2.3,6,30,Partially cloudy,partly-cloudy-day,"E4214,VTBS,VTBD"
Bangkok,2024-04-29T15:00:00,38.2,45.6,23.6,43.35,0,0,,0,0,19.1,18.4,204,1005,25,10,508,1.8,5,30,Partially cloudy,partly-cloudy-day,"E4214,VTBS,VTBD"
Bangkok,2024-04-29T16:00:00,37.2,44.2,23.6,45.77,0,0,,0,0,18.7,19.7,201,1004.4,25,10,339,1.2,3,30,Partially cloudy,partly-cloudy-day,"E4214,VTBS,VTBD"
Bangkok,2024-04-29T17:00:00,36.6,43.4,23.6,47.38,0,0,,0,0,19.8,19.2,181,1004,25,10,58,0.2,1,30,Partially cloudy,partly-cloudy-day,"E4214,VTBS,VTBD"
Bangkok,2024-04-29T18:00:00,35.2,40.6,22.7,48.4,0,0,,0,0,22,18.7,190,1004,25,10,18,0.1,0,8,Partially cloudy,partly-cloudy-day,"E4214,VTBS,VTBD"
Bangkok,2024-04-29T19:00:00,33.2,39.2,23.7,57.48,0,0,,0,0,24.1,17.2,181,1004.4,25,10,0,0,0,3,Partially cloudy,partly-cloudy-night,"E4214,VTBS,VTBD"
Bangkok,2024-04-29T20:00:00,32.6,40.5,25.3,65.67,0,0,,0,0,32.8,21.7,204,1005,25,10,0,0,0,8,Partially cloudy,partly-cloudy-night,"E4214,VTBS,VTBD"
Bangkok,2024-04-29T21:00:00,32,39.6,25.3,68.05,0,0,,0,0,34.9,22.5,200,1006,25,10,0,0,0,8,Partially cloudy,partly-cloudy-night,"E4214,VTBS,VTBD"
Bangkok,2024-04-29T22:00:00,31,39,26,74.78,0,0,,0,0,33.8,21.1,194,1006.4,25,10,0,0,0,15,Partially cloudy,partly-cloudy-night,"E4214,VTBS,VTBD"
Bangkok,2024-04-29T23:00:00,31,39.9,26.6,77.62,0,0,,0,0,33.8,22.5,190,1007,34.2,10,0,0,0,15,Partially cloudy,partly-cloudy-night,"E4214,VTBS,VTBD"
Bangkok,2024-04-30T00:00:00,31,39.9,26.6,77.62,0,0,,0,0,35.3,22.5,196,1006,34.2,10,0,0,0,15,Partially cloudy,partly-cloudy-night,"E4214,VTBS,VTBD"
Bangkok,2024-04-30T01:00:00,31,39.9,26.6,77.62,0,0,,0,0,36.4,19.3,190,1006,25,10,0,0,0,30,Partially cloudy,partly-cloudy-night,"E4214,VTBS,VTBD"
Bangkok,2024-04-30T02:00:00,31,39,26,74.78,0,0,,0,0,34.6,17,190,1005,25,10,0,0,0,38,Partially cloudy,partly-cloudy-night,"E4214,VTBS,VTBD"
Bangkok,2024-04-30T03:00:00,31,39,26,74.78,0,0,,0,0,31,15.7,177,1005,25,10,0,0,0,38,Partially cloudy,partly-cloudy-night,"E4214,VTBS,VTBD"
Bangkok,2024-04-30T04:00:00,31,39.9,26.6,77.62,0,0,,0,0,24.5,15,190,1005,25,10,0,0,0,38,Partially cloudy,partly-cloudy-night,"E4214,VTBS,VTBD"
Bangkok,2024-04-30T05:00:00,31,39.9,26.6,77.62,0,0,,0,0,22.3,17.2,184,1005,34.2,10,0,0,0,38,Partially cloudy,partly-cloudy-night,"E4214,VTBS,VTBD"
Bangkok,2024-04-30T06:00:00,30.6,40.4,27.3,82.79,0,0,,0,0,21.6,13.6,180,1006,25,10,0,0,0,60,Partially cloudy,partly-cloudy-day,"E4214,VTBS,VTBD"
Bangkok,2024-04-30T07:00:00,31,41.1,27.3,81.06,0,0,,0,0,15.8,16.1,186,1006,25,10,39,0.1,0,60,Partially cloudy,partly-cloudy-day,"E4214,VTBS,VTBD"
Bangkok,2024-04-30T08:00:00,32.6,42,26.3,69.68,0,0,,0,0,11.2,18,196,1007,34.2,10,288,1,3,30,Partially cloudy,partly-cloudy-day,"E4214,VTBS,VTBD"
Bangkok,2024-04-30T09:00:00,34.6,41.1,23.8,53.59,0,0,,0,0,9.4,16.1,193,1008,34.2,10,522,1.9,5,5,Partially cloudy,partly-cloudy-day,"E4214,VTBS,VTBD"
Bangkok,2024-04-30T10:00:00,35.6,40,21.8,44.92,0,0,,0,0,9.4,16.1,209,1008,34.2,10,750,2.7,8,10,Partially cloudy,partly-cloudy-day,"E4214,VTBS,VTBD"
Bangkok,2024-04-30T11:00:00,36.8,40.4,20.5,38.79,0,0,,0,0,11.2,18.4,203,1007,34.2,9.4,749,2.7,7,10,Partially cloudy,partly-cloudy-day,"E4214,VTBS,VTBD"
Bangkok,2024-04-30T12:00:00,37.8,41.3,20.2,35.9,0,0,,0,0,13.7,16.6,203,1006,25,9.4,777,2.8,8,10,Partially cloudy,partly-cloudy-day,"E4214,VTBS,VTBD"
Bangkok,2024-04-30T13:00:00,38.8,42.6,20.2,34.01,0,0,,0,0,16.6,16.9,205,1004.4,25,9.4,740,2.7,7,10,Partially cloudy,partly-cloudy-day,"E4214,VTBS,VTBD"
Bangkok,2024-04-30T14:00:00,39.5,44.6,21.4,35.53,0,0,,0,0,42.5,16.4,180,1003.4,25,9.4,566,2,6,10,Partially cloudy,partly-cloudy-day,"E4214,VTBS,VTBD"
Bangkok,2024-04-30T15:00:00,38.8,44,21.6,37.11,0,0,,0,0,18,24.8,190,1002.4,25,10,468,1.7,5,3,Partially cloudy,partly-cloudy-day,"E4214,VTBS,VTBD"
Bangkok,2024-04-30T16:00:00,38.2,41.1,19.3,33.39,0,0,,0,0,19.1,24.3,174,1002,25,10,296,1.1,3,10,Partially cloudy,partly-cloudy-day,"E4214,VTBS,VTBD"
Bangkok,2024-04-30T17:00:00,37.2,41.5,21.2,39.52,0,0,,0,0,23,21.8,177,1002,25,10,68,0.2,1,10,Partially cloudy,partly-cloudy-day,"E4214,VTBS,VTBD"
Bangkok,2024-04-30T18:00:00,34.8,41.8,24.1,53.66,0,0,,0,0,29.5,22.5,181,1002,25,10,22,0.1,0,5,Partially cloudy,partly-cloudy-day,"E4214,VTBS,VTBD"
Bangkok,2024-04-30T19:00:00,32.6,41.4,26,68.17,0,0,,0,0,36,25,194,1003,25,10,0,0,0,15,Partially cloudy,partly-cloudy-night,"E4214,VTBS,VTBD"
Bangkok,2024-04-30T20:00:00,32,40.5,26,70.65,0,0,,0,0,39.2,26.6,194,1003,25,10,0,0,0,15,Partially cloudy,partly-cloudy-night,"E4214,VTBS,VTBD"
Bangkok,2024-04-30T21:00:00,31.6,40.5,26.3,73.73,0,0,,0,0,37.8,26.1,190,1004,25,10,0,0,0,15,Partially cloudy,partly-cloudy-night,"E4214,VTBS,VTBD"
Bangkok,2024-04-30T22:00:00,31.6,40.9,26.6,74.88,0,0,,0,0,37.4,25.4,196,1004,25,10,0,0,0,30,Partially cloudy,partly-cloudy-night,"E4214,VTBS,VTBD"
Bangkok,2024-04-30T23:00:00,31.6,39.9,26,72.14,0,0,,0,0,35.6,23.6,190,1005,25,10,0,0,0,30,Partially cloudy,partly-cloudy-night,"E4214,VTBS,VTBD"
Bangkok,2024-05-01T00:00:00,31,39.9,26.6,77.62,0,0,,0,0,32.4,23.6,196,1005,25,10,0,0,0,38,Partially cloudy,partly-cloudy-night,"E4214,VTBS,VTBD"
Bangkok,2024-05-01T01:00:00,31.3,40.5,26.6,76.01,0,0,,0,0,28.1,25.9,190,1004.4,34.2,10,0,0,0,38,Partially cloudy,partly-cloudy-night,"E4214,VTBS,VTBD"
Bangkok,2024-05-01T02:00:00,31,39.9,26.6,77.62,0,0,,0,0,25.6,21.8,190,1004,34.2,10,0,0,0,38,Partially cloudy,partly-cloudy-night,"E4214,VTBS,VTBD"
Bangkok,2024-05-01T03:00:00,31,39.9,26.6,77.62,0,0,,0,0,23,19.8,196,1004,34.2,10,0,0,0,30,Partially cloudy,partly-cloudy-night,"E4214,VTBS,VTBD"
Bangkok,2024-05-01T04:00:00,31,39.9,26.6,77.62,0,0,,0,0,17.6,21.2,190,1004,25,10,0,0,0,8,Partially cloudy,partly-cloudy-night,"E4214,VTBS,VTBD"
Bangkok,2024-05-01T05:00:00,31,39,26,74.78,0,0,,0,0,15.5,19.2,190,1004,25,10,0,0,0,3,Partially cloudy,partly-cloudy-night,"E4214,VTBS,VTBD"
Bangkok,2024-05-01T06:00:00,31,39,26,74.78,0,0,,0,0,15.5,14.3,190,1005,25,10,3,0,0,5,Partially cloudy,partly-cloudy-day,"E4214,VTBS,VTBD"
Bangkok,2024-05-01T07:00:00,31,39.3,26.2,75.95,0,0,,0,0,12.2,18.4,194,1005,25,8.4,76,0.3,1,5,Partially cloudy,partly-cloudy-day,"E4214,VTBS,VTBD"
Bangkok,2024-05-01T08:00:00,32.6,38.6,23.9,60.51,0,0,,0,0,10.4,18,190,1006,25,8.4,223,0.8,2,5,Partially cloudy,partly-cloudy-day,"E4214,VTBS,VTBD"
Bangkok,2024-05-01T09:00:00,34,40,23.6,54.8,0,0,,0,0,10.1,15.7,177,1006.6,25,9,438,1.6,4,3,Partially cloudy,partly-cloudy-day,"E4214,VTBS,VTBD"
Bangkok,2024-05-01T10:00:00,35.6,39.6,21.3,43.63,0,0,,0,0,11.2,13.8,215,1007,25,9,544,2,5,3,Partially cloudy,partly-cloudy-day,"E4214,VTBS,VTBD"
Bangkok,2024-05-01T11:00:00,36.6,40.8,21.3,41.3,0,0,,0,0,13.7,16.1,222,1006,25,9.4,707,2.5,7,10,Partially cloudy,partly-cloudy-day,"E4214,VTBS,VTBD"
Bangkok,2024-05-01T12:00:00,37.2,42.3,22,41.46,0,0,,0,0,15.5,16.4,209,1005,25,9.4,682,2.5,7,3,Partially cloudy,partly-cloudy-day,"E4214,VTBS,VTBD"
Bangkok,2024-05-01T13:00:00,37.8,41.7,20.6,36.84,0,0,,0,0,14,18.7,205,1004,25,9.4,699,2.5,7,3,Partially cloudy,partly-cloudy-day,"E4214,VTBS,VTBD"
Bangkok,2024-05-01T14:00:00,38.2,43.5,21.8,39.02,0,0,,0,0,12.6,17.5,190,1003,25,9.4,549,2,5,3,Partially cloudy,partly-cloudy-day,"E4214,VTBS,VTBD"
Bangkok,2024-05-01T15:00:00,37.8,43,21.8,39.8,0,0,,0,0,11.5,18,181,1002,25,9,441,1.6,4,3,Partially cloudy,partly-cloudy-day,"E4214,VTBS,VTBD"
Bangkok,2024-05-01T16:00:00,37.6,41.6,20.8,37.98,0,0,,0,0,11.9,16.9,184,1001.4,25,9,274,1,3,10,Partially cloudy,partly-cloudy-day,"E4214,VTBS,VTBD"
Bangkok,2024-05-01T17:00:00,37.2,40.8,20.5,37.88,0,0,,0,0,17.6,19.3,190,1001,25,9,80,0.3,1,10,Partially cloudy,partly-cloudy-day,"E4214,VTBS,VTBD"
Bangkok,2024-05-01T18:00:00,35.6,38.9,20.6,41.69,0,0,,0,0,25.6,18,180,1001.4,25,9.6,21,0.1,0,10,Partially cloudy,partly-cloudy-day,"E4214,VTBS,VTBD"
Bangkok,2024-05-01T19:00:00,34.6,36.5,19.1,40.1,0,0,,0,0,30.2,18.4,187,1002,25,10,0,0,0,10,Partially cloudy,partly-cloudy-night,"E4214,VTBS,VTBD"
Bangkok,2024-05-01T20:00:00,32.9,38.1,23.1,56.16,0,0,,0,0,31,15,206,1003,25,10,0,0,0,3,Partially cloudy,partly-cloudy-night,"E4214,VTBS,VTBD"
Bangkok,2024-05-01T21:00:00,32.9,38.4,23.3,57.05,0,0,,0,0,32.4,22.5,200,1003,25,10,0,0,0,3,Partially cloudy,partly-cloudy-night,"E4214,VTBS,VTBD"
Bangkok,2024-05-01T22:00:00,32,39.9,25.6,69.12,0,0,,0,0,31,24.1,194,1005,25,10,0,0,0,3,Partially cloudy,partly-cloudy-night,"E4214,VTBS,VTBD"
Bangkok,2024-05-01T23:00:00,32,39.6,25.3,68.05,0,0,,0,0,32,23,196,1005,25,10,0,0,0,3,Partially cloudy,partly-cloudy-night,"E4214,VTBS,VTBD"
Bangkok,2024-05-02T00:00:00,31.6,39.9,26,72.14,0,0,,0,0,32.4,22.3,196,1005,25,10,0,0,0,8,Partially cloudy,partly-cloudy-night,"E4214,VTBS,VTBD"
Bangkok,2024-05-02T01:00:00,31,39,26,74.78,0,0,,0,0,32.4,22.5,190,1004,25,10,0,0,0,8,Partially cloudy,partly-cloudy-night,"E4214,VTBS,VTBD"
Bangkok,2024-05-02T02:00:00,31,39,26,74.78,0,0,,0,0,29.5,23,190,1004,25,10,0,0,0,60,Partially cloudy,partly-cloudy-night,"E4214,VTBS,VTBD"
Bangkok,2024-05-02T03:00:00,31,39,26,74.78,0,0,,0,0,26.3,18.7,190,1004,25,10,0,0,0,60,Partially cloudy,partly-cloudy-night,"E4214,VTBS,VTBD"
Bangkok,2024-05-02T04:00:00,31,39.9,26.6,77.62,0,0,,0,0,23.4,18.2,184,1004,34.2,9.6,0,0,0,60,Partially cloudy,partly-cloudy-night,"E4214,VTBS,VTBD"
Bangkok,2024-05-02T05:00:00,31,39.9,26.6,77.62,0,0,,0,0,22.3,16.4,180,1005,34.2,9.6,0,0,0,60,Partially cloudy,partly-cloudy-night,"E4214,VTBS,VTBD"
Bangkok,2024-05-02T06:00:00,31,39.9,26.6,77.62,0,0,,0,0,21.6,16.1,164,1005,34.2,9,10,0,0,30,Partially cloudy,partly-cloudy-day,"E4214,VTBS,VTBD"
Bangkok,2024-05-02T07:00:00,32,41.5,26.6,73.33,0,0,,0,0,16.9,18,167,1006,34.2,8,85,0.3,1,8,Partially cloudy,partly-cloudy-day,"E4214,VTBS,VTBD"
Bangkok,2024-05-02T08:00:00,32.9,42.4,26.2,67.81,0,0,,0,0,14.4,19.3,184,1007,25,8,237,0.9,2,3,Partially cloudy,partly-cloudy-day,"E4214,VTBS,VTBD"
Bangkok,2024-05-02T09:00:00,34,42.8,25.6,61.77,0,0,,0,0,13,21.1,171,1007,25,9,468,1.7,5,3,Partially cloudy,partly-cloudy-day,"E4214,VTBS,VTBD"
Bangkok,2024-05-02T10:00:00,35.2,44.1,25.3,56.69,0,0,,0,0,13.7,19.3,184,1007,25,10,609,2.2,6,30,Partially cloudy,partly-cloudy-day,"E4214,VTBS,VTBD"
Bangkok,2024-05-02T11:00:00,36.6,44.4,24.3,49.53,0,0,,0,0,16.6,21.8,174,1007,25,10,616,2.2,6,10,Partially cloudy,partly-cloudy-day,"E4214,VTBS,VTBD"
Bangkok,2024-05-02T12:00:00,36.6,44.4,24.3,49.53,0,0,,0,0,20.5,25,200,1006,25,10,740,2.7,7,10,Partially cloudy,partly-cloudy-day,"E4214,VTBS,VTBD"
Bangkok,2024-05-02T13:00:00,37.6,44.7,23.6,44.86,0,0,,0,0,24.1,28,200,1006,25,10,707,2.5,7,10,Partially cloudy,partly-cloudy-day,"E4214,VTBS,VTBD"
Bangkok,2024-05-02T14:00:00,38,43.2,22,39.83,0,0,,0,0,25.6,26.1,194,1005,25,9.6,612,2.2,6,10,Partially cloudy,partly-cloudy-day,"E4214,VTBS,VTBD"
Bangkok,2024-05-02T15:00:00,37.6,41.7,21,38.23,0,0,,0,0,27,28,187,1004,25,9.6,505,1.8,5,10,Partially cloudy,partly-cloudy-day,"E4214,VTBS,VTBD"
Bangkok,2024-05-02T16:00:00,37.6,41.1,20.3,36.77,0,0,,0,0,27.4,26.9,194,1003,25,9.6,325,1.2,3,10,Partially cloudy,partly-cloudy-day,"E4214,VTBS,VTBD"
Bangkok,2024-05-02T17:00:00,35.6,39.8,21.6,44.34,0,0,,0,0,29.9,26.1,190,1003,25,9.6,68,0.2,1,30,Partially cloudy,partly-cloudy-day,"E4214,VTBS,VTBD"
Bangkok,2024-05-02T18:00:00,34.6,38,21,45.08,0,0,,0,0,33.8,21.1,184,1003,25,9.6,21,0.1,0,8,Partially cloudy,partly-cloudy-day,"E4214,VTBS,VTBD"
Bangkok,2024-05-02T19:00:00,32.9,37.3,22.3,53.7,0,0,,0,0,32.8,19.3,206,1004,25,9.6,0,0,0,8,Partially cloudy,partly-cloudy-night,"E4214,VTBS,VTBD"
Bangkok,2024-05-02T20:00:00,32.3,38.7,24.3,62.78,0,0,,0,0,34.6,22.3,200,1004.6,25,9.6,0,0,0,8,Partially cloudy,partly-cloudy-night,"E4214,VTBS,VTBD"
Bangkok,2024-05-02T21:00:00,32,39.6,25.3,68.05,0,0,,0,0,36.4,23,194,1005,25,10,0,0,0,15,Partially cloudy,partly-cloudy-night,"E4214,VTBS,VTBD"
Bangkok,2024-05-02T22:00:00,31,38.1,25.3,72.03,0,0,,0,0,34.9,17.5,196,1006,25,10,0,0,0,15,Partially cloudy,partly-cloudy-night,"E4214,VTBS,VTBD"
Bangkok,2024-05-02T23:00:00,31,39,26,74.78,0,0,,0,0,33.8,24.1,196,1006.6,25,10,0,0,0,15,Partially cloudy,partly-cloudy-night,"E4214,VTBS,VTBD"
Bangkok,2024-05-03T00:00:00,31,39,26,74.78,0,0,,0,0,32.8,19.2,190,1006,25,10,0,0,0,60,Partially cloudy,partly-cloudy-night,"E4214,VTBS,VTBD"
Bangkok,2024-05-03T01:00:00,31,38.4,25.6,73.16,0,0,,0,0,28.4,19.8,190,1007,25,10,0,0,0,60,Partially cloudy,partly-cloudy-night,"E4214,VTBS,VTBD"
Bangkok,2024-05-03T02:00:00,31,39,26,74.78,0,0,,0,0,27.7,18.4,190,1007,34.2,10,0,0,0,60,Partially cloudy,partly-cloudy-night,"E4214,VTBS,VTBD"
Bangkok,2024-05-03T03:00:00,31,39.9,26.6,77.62,0,0,,0,0,25.2,16.6,190,1006,34.2,10,0,0,0,60,Partially cloudy,partly-cloudy-night,"E4214,VTBS,VTBD"
Bangkok,2024-05-03T04:00:00,31,39.9,26.6,77.62,0,0,,0,0,23.4,18.2,190,1006,25,10,0,0,0,60,Partially cloudy,partly-cloudy-night,"E4214,VTBS,VTBD"
Bangkok,2024-05-03T05:00:00,31,39.9,26.6,77.62,0,0,,0,0,22,17.7,190,1006,25,10,0,0,0,60,Partially cloudy,partly-cloudy-night,"E4214,VTBS,VTBD"
Bangkok,2024-05-03T06:00:00,31,39.9,26.6,77.62,0,0,,0,0,19.8,17.2,190,1007,25,9,9,0,0,60,Partially cloudy,partly-cloudy-day,"E4214,VTBS,VTBD"
Bangkok,2024-05-03T07:00:00,31,39.9,26.6,77.62,0,0,,0,0,13.3,15.4,187,1008,25,9.4,84,0.3,1,60,Partially cloudy,partly-cloudy-day,"E4214,VTBS,VTBD"
Bangkok,2024-05-03T08:00:00,32.6,42.5,26.6,70.76,0,0,,0,0,10.4,18,184,1008,40.8,9.4,265,1,3,30,Partially cloudy,partly-cloudy-day,"E4214,VTBS,VTBD"
Bangkok,2024-05-03T09:00:00,33.6,43.9,26.6,66.9,0,0,,0,0,10.8,19.2,174,1009,25,9.4,484,1.7,5,30,Partially cloudy,partly-cloudy-day,"E4214,VTBS,VTBD"
Bangkok,2024-05-03T10:00:00,35,44.2,25.6,58.42,0,0,,0,0,11.5,19.2,174,1009,25,10,441,1.6,4,30,Partially cloudy,partly-cloudy-day,"E4214,VTBS,VTBD"
Bangkok,2024-05-03T11:00:00,36.6,43.4,23.6,47.38,0,0,,0,0,12.2,16.9,194,1008,25,10,689,2.5,7,30,Partially cloudy,partly-cloudy-day,"E4214,VTBS,VTBD"
Bangkok,2024-05-03T12:00:00,37.2,42.7,22.3,42.41,0,0,,0,0,12.6,19.8,209,1008,25,9.6,755,2.7,8,30,Partially cloudy,partly-cloudy-day,"E4214,VTBS,VTBD"
Bangkok,2024-05-03T13:00:00,37.6,43.9,23,43.19,0,0,,0,0,15.1,16.4,196,1007,25,9.6,742,2.7,7,10,Partially cloudy,partly-cloudy-day,"E4214,VTBS,VTBD"
Bangkok,2024-05-03T14:00:00,38.2,42.5,21,36.94,0,0,,0,0,15.1,20.5,190,1006,25,9.6,613,2.2,6,10,Partially cloudy,partly-cloudy-day,"E4214,VTBS,VTBD"
Bangkok,2024-05-03T15:00:00,38.2,42.3,20.7,36.35,0,0,,0,0,14.8,19.2,200,1005,25,9.6,493,1.8,5,10,Partially cloudy,partly-cloudy-day,"E4214,VTBS,VTBD"
Bangkok,2024-05-03T16:00:00,38.2,42.9,21.3,37.78,0,0,,0,0,15.1,18,187,1004,25,9.6,315,1.1,3,10,Partially cloudy,partly-cloudy-day,"E4214,VTBS,VTBD"
Bangkok,2024-05-03T17:00:00,37.2,40.7,20.3,37.51,0,0,,0,0,19.1,18,194,1004,25,9.6,76,0.3,1,10,Partially cloudy,partly-cloudy-day,"E4214,VTBS,VTBD"
Bangkok,2024-05-03T18:00:00,35.6,40.2,22,45.35,0,0,,0,0,22.3,16.6,187,1004.4,25,9.6,26,0.1,0,10,Partially cloudy,partly-cloudy-day,"E4214,VTBS,VTBD"
Bangkok,2024-05-03T19:00:00,33.6,39.2,23.3,55.07,0,0,,0,0,25.6,20.5,190,1005,25,10,0,0,0,8,Partially cloudy,partly-cloudy-night,"E4214,VTBS,VTBD"
Bangkok,2024-05-03T20:00:00,32.6,39.6,24.7,63.24,0,0,,0,0,29.9,17.2,187,1006,25,10,0,0,0,8,Partially cloudy,partly-cloudy-night,"E4214,VTBS,VTBD"
Bangkok,2024-05-03T21:00:00,32,39.6,25.3,68.05,0,0,,0,0,32.4,19.2,197,1007,25,10,0,0,0,15,Partially cloudy,partly-cloudy-night,"E4214,VTBS,VTBD"
Bangkok,2024-05-03T22:00:00,32,39.6,25.3,68.05,0,0,,0,0,28.4,19.2,219,1007.6,25,10,0,0,0,15,Partially cloudy,partly-cloudy-night,"E4214,VTBS,VTBD"
Bangkok,2024-05-03T23:00:00,31,38.1,25.3,72.03,0,0,,0,0,29.5,15.4,206,1007.4,25,10,0,0,0,60,Partially cloudy,partly-cloudy-night,"E4214,VTBS,VTBD"
Bangkok,2024-05-04T00:00:00,31,39.9,26.6,77.62,0,0,,0,0,34.6,18.4,190,1007,34.2,10,0,0,0,60,Partially cloudy,partly-cloudy-night,"E4214,VTBS,VTBD"
Bangkok,2024-05-04T01:00:00,31,39.9,26.6,77.62,0,0,,0,0,31.7,21.2,190,1006.6,25,10,0,0,0,75,Partially cloudy,partly-cloudy-night,"E4214,VTBS,VTBD"
Bangkok,2024-05-04T02:00:00,31,39.9,26.6,77.62,0,0,,0,0,25.9,18,184,1006,40.8,10,0,0,0,75,Partially cloudy,partly-cloudy-night,"E4214,VTBS,VTBD"
Bangkok,2024-05-04T03:00:00,31,39.9,26.6,77.62,0,0,,0,0,21.2,18,190,1005,34.2,10,0,0,0,60,Partially cloudy,partly-cloudy-night,"E4214,VTBS,VTBD"
Bangkok,2024-05-04T04:00:00,31,39.9,26.6,77.62,0,0,,0,0,20.2,12.5,177,1006,50,10,0,0,0,60,Partially cloudy,partly-cloudy-night,"E4214,VTBS,VTBD"
Bangkok,2024-05-04T05:00:00,31,39.9,26.6,77.62,0,0,,0,0,18.7,12.5,174,1007,34.2,10,0,0,0,60,Partially cloudy,partly-cloudy-night,"E4214,VTBS,VTBD"
Bangkok,2024-05-04T06:00:00,31,39.9,26.6,77.62,0,0,,0,0,23.8,14.3,176,1007,50,10,2,0,0,60,Partially cloudy,partly-cloudy-day,"E4214,VTBS,VTBD"
Bangkok,2024-05-04T07:00:00,31,39.9,26.6,77.62,0,0,,0,0,20.5,12.3,156,1008,34.2,10,73,0.3,1,75,Partially cloudy,partly-cloudy-day,"E4214,VTBS,VTBD"
Bangkok,2024-05-04T08:00:00,32,41.5,26.6,73.33,0,0,,0,0,16.6,16.6,170,1009,34.2,10,204,0.7,2,60,Partially cloudy,partly-cloudy-day,"E4214,VTBS,VTBD"
Bangkok,2024-05-04T09:00:00,34,44.5,26.6,65.53,0,0,,0,0,14.4,18.7,174,1009,50,10,197,0.7,2,60,Partially cloudy,partly-cloudy-day,"E4214,VTBS,VTBD"
Bangkok,2024-05-04T10:00:00,35.6,45.6,26,57.67,0,0,,0,0,13,16.4,194,1009,50,10,425,1.5,4,60,Partially cloudy,partly-cloudy-day,"E4214,VTBS,VTBD"
Bangkok,2024-05-04T11:00:00,35.2,45.6,26.2,59.78,0,0,,0,0,11.9,16.1,203,1008,34.2,10,450,1.6,5,60,Partially cloudy,partly-cloudy-day,"E4214,VTBS,VTBD"
Bangkok,2024-05-04T12:00:00,36.2,45.3,25.2,53.31,0,0,,0,0,12.2,19.3,194,1007.4,34.2,10,549,2,5,30,Partially cloudy,partly-cloudy-day,"E4214,VTBS,VTBD"
Bangkok,2024-05-04T13:00:00,36.6,44.6,24.5,49.99,0,0,,0,0,12.2,21.8,181,1006,25,9.4,688,2.5,7,30,Partially cloudy,partly-cloudy-day,"E4214,VTBS,VTBD"
Bangkok,2024-05-04T14:00:00,37.6,43.8,22.8,42.91,0,0,,0,0,14,20,190,1005,25,9.4,560,2,6,30,Partially cloudy,partly-cloudy-day,"E4214,VTBS,VTBD"
Bangkok,2024-05-04T15:00:00,37.6,44.2,23.2,43.88,0,0,,0,0,14,21.8,190,1004.4,25,9.4,446,1.6,4,30,Partially cloudy,partly-cloudy-day,"E4214,VTBS,VTBD"
Bangkok,2024-05-04T16:00:00,37.2,43.4,23,44.06,0,0,,0,0,13.3,23.8,180,1003,25,9.4,293,1.1,3,30,Partially cloudy,partly-cloudy-day,"E4214,VTBS,VTBD"
Bangkok,2024-05-04T17:00:00,35.6,41.8,23.3,49.27,0,0,,0,0,10.1,22.5,171,1003,25,10,84,0.3,1,30,Partially cloudy,partly-cloudy-day,"E4214,VTBS,VTBD"
Bangkok,2024-05-04T18:00:00,34.6,40,23,50.93,0,0,,0,0,19.1,19.3,177,1003,25,10,26,0.1,0,30,Partially cloudy,partly-cloudy-day,"E4214,VTBS,VTBD"
Bangkok,2024-05-04T19:00:00,33.6,39.2,23.3,55.07,0,0,,0,0,25.9,19.3,184,1004,25,10,0,0,0,8,Partially cloudy,partly-cloudy-night,"E4214,VTBS,VTBD"
Bangkok,2024-05-04T20:00:00,32.9,39.1,23.9,59.26,0,0,,0,0,29.2,19.8,190,1005,25,10,0,0,0,8,Partially cloudy,partly-cloudy-night,"E4214,VTBS,VTBD"
Bangkok,2024-05-04T21:00:00,32.9,38.4,23.3,57.05,0,0,,0,0,28.8,19.3,205,1006,25,10,0,0,0,60,Partially cloudy,partly-cloudy-night,"E4214,VTBS,VTBD"
Bangkok,2024-05-04T22:00:00,32,38.2,24.3,64.11,0,0,,0,0,30.6,11.8,206,1007,25,10,0,0,0,75,Partially cloudy,partly-cloudy-night,"E4214,VTBS,VTBD"
Bangkok,2024-05-04T23:00:00,32,39.1,25,66.57,0,0,,0,0,33.1,16.6,184,1007,25,10,0,0,0,75,Partially cloudy,partly-cloudy-night,"E4214,VTBS,VTBD"
Bangkok,2024-05-05T00:00:00,32,39.9,25.6,69.12,0,0,,0,0,33.5,20.5,186,1006,25,10,0,0,0,75,Partially cloudy,partly-cloudy-night,"E4214,VTBS,VTBD"
Bangkok,2024-05-05T01:00:00,31,39,26,74.78,0,0,,0,0,29.5,22.3,196,1005,25,10,0,0,0,75,Partially cloudy,partly-cloudy-night,"E4214,VTBS,VTBD"
Bangkok,2024-05-05T02:00:00,31,39,26,74.78,0,0,,0,0,22,19.2,190,1005,25,10,0,0,0,75,Partially cloudy,partly-cloudy-night,"E4214,VTBS,VTBD"
Bangkok,2024-05-05T03:00:00,31,39,26,74.78,0,0,,0,0,18,17.2,190,1004,25,10,0,0,0,75,Partially cloudy,partly-cloudy-night,"E4214,VTBS,VTBD"
Bangkok,2024-05-05T04:00:00,31,39,26,74.78,0,0,,0,0,16.2,12.5,174,1004,25,10,0,0,0,75,Partially cloudy,partly-cloudy-night,"E4214,VTBS,VTBD"
Bangkok,2024-05-05T05:00:00,31,39,26,74.78,0,0,,0,0,16.9,13.6,167,1005,25,10,0,0,0,75,Partially cloudy,partly-cloudy-night,"E4214,VTBS,VTBD"
Bangkok,2024-05-05T06:00:00,31,39.9,26.6,77.62,0,0,,0,0,14,11.4,161,1005.6,25,9.4,0,0,0,75,Partially cloudy,partly-cloudy-day,"E4214,VTBS,VTBD"
Bangkok,2024-05-05T07:00:00,31.3,41.1,27,77.67,0,0,,0,0,10.8,12,174,1006,25,9.4,58,0.2,1,75,Partially cloudy,partly-cloudy-day,"E4214,VTBS,VTBD"
Bangkok,2024-05-05T08:00:00,32.9,43,26.6,69.31,0,0,,0,0,9.4,16.9,194,1007,25,9.4,125,0.5,1,75,Partially cloudy,partly-cloudy-day,"E4214,VTBS,VTBD"
Bangkok,2024-05-05T09:00:00,33.6,38.9,23.1,54.2,0,0,,0,0,9.4,17,232,1008,25,10,439,1.6,4,75,Partially cloudy,partly-cloudy-day,"E4214,VTBS,VTBD"
Bangkok,2024-05-05T10:00:00,35,38.5,21.1,44.46,0,0,,0,0,9,15,241,1008,25,10,623,2.2,6,60,Partially cloudy,partly-cloudy-day,"E4214,VTBS,VTBD"
Bangkok,2024-05-05T11:00:00,36.3,39.9,20.7,40.3,0,0,,0,0,10.1,11.6,252,1008,25,10,563,2,6,60,Partially cloudy,partly-cloudy-day,"E4214,VTBS,VTBD"
Bangkok,2024-05-05T12:00:00,36.6,41.6,22.1,43.2,0,0,,0,0,10.8,13.4,247,1007,25,10,707,2.5,7,60,Partially cloudy,partly-cloudy-day,"E4214,VTBS,VTBD"
Bangkok,2024-05-05T13:00:00,37.6,42.9,22.1,40.91,0,0,,0,0,12.6,15.7,240,1006,25,9.6,693,2.5,7,60,Partially cloudy,partly-cloudy-day,"E4214,VTBS,VTBD"
Bangkok,2024-05-05T14:00:00,38.2,43,21.4,38.03,0,0,,0,0,15.8,10.7,220,1004.4,25,9.6,600,2.2,6,60,Partially cloudy,partly-cloudy-day,"E4214,VTBS,VTBD"
Bangkok,2024-05-05T15:00:00,38.8,43.4,21.1,35.94,0,0,,0,0,16.2,13.5,209,1004,25,9.6,480,1.7,5,30,Partially cloudy,partly-cloudy-day,"E4214,VTBS,VTBD"
Bangkok,2024-05-05T16:00:00,38.5,42.4,20.4,35.26,0,0,,0,0,13.3,11.6,190,1003.4,25,9.6,299,1.1,3,30,Partially cloudy,partly-cloudy-day,"E4214,VTBS,VTBD"
Bangkok,2024-05-05T17:00:00,37.2,43.8,23.2,44.77,0,0,,0,0,17.3,22.3,176,1003.4,25,10,225,0.8,2,30,Partially cloudy,partly-cloudy-day,"E4214,VTBS,VTBD"
Bangkok,2024-05-05T18:00:00,35.6,40.9,22.6,47.12,0,0,,0,0,25.2,21.7,170,1004,25,10,10,0,0,30,Partially cloudy,partly-cloudy-day,"E4214,VTBS,VTBD"
Bangkok,2024-05-05T19:00:00,34.6,40.5,23.3,52.08,0,0,,0,0,29.2,19.2,180,1004,25,10,0,0,0,15,Partially cloudy,partly-cloudy-night,"E4214,VTBS,VTBD"
Bangkok,2024-05-05T20:00:00,33.6,40.4,24.3,58.48,0,0,,0,0,29.2,13.6,180,1005.6,25,10,0,0,0,75,Partially cloudy,partly-cloudy-night,"E4214,VTBS,VTBD"
Bangkok,2024-05-05T21:00:00,32.9,41,25.3,64.32,0,0,,0,0,29.2,17.2,203,1006.6,25,10,0,0,0,75,Partially cloudy,partly-cloudy-night,"E4214,VTBS,VTBD"
Bangkok,2024-05-05T22:00:00,32.3,40.5,25.6,67.69,0,0,,0,0,29.9,16.6,200,1007.4,25,10,0,0,0,75,Partially cloudy,partly-cloudy-night,"E4214,VTBS,VTBD"
Bangkok,2024-05-05T23:00:00,32,39.9,25.6,69.12,0,0,,0,0,27.7,14.1,186,1008,25,10,0,0,0,75,Partially cloudy,partly-cloudy-night,"E4214,VTBS,VTBD"
Bangkok,2024-05-06T00:00:00,32,39.9,25.6,69.12,0,0,,0,0,26.3,13,176,1007.6,25,10,0,0,0,75,Partially cloudy,partly-cloudy-night,"E4214,VTBS,VTBD"
Bangkok,2024-05-06T01:00:00,31.6,40.5,26.3,73.73,0,0,,0,0,25.2,13.6,184,1006.6,25,9.6,0,0,0,75,Partially cloudy,partly-cloudy-night,"E4214,VTBS,VTBD"
Bangkok,2024-05-06T02:00:00,31,39.9,26.6,77.62,0,0,,0,0,24.5,17.2,184,1006,25,9.6,0,0,0,75,Partially cloudy,partly-cloudy-night,"E4214,VTBS,VTBD"
Bangkok,2024-05-06T03:00:00,31,39,26,74.78,0,0,,0,0,24.1,14.6,184,1006,25,9.6,0,0,0,75,Partially cloudy,partly-cloudy-night,"E4214,VTBS,VTBD"
Bangkok,2024-05-06T04:00:00,31,39,26,74.78,0,0,,0,0,24.5,13.6,170,1006.6,25,9.6,0,0,0,75,Partially cloudy,partly-cloudy-night,"E4214,VTBS,VTBD"
Bangkok,2024-05-06T05:00:00,31,39,26,74.78,0,0,,0,0,25.6,13.6,174,1006.6,25,9.6,0,0,0,75,Partially cloudy,partly-cloudy-night,"E4214,VTBS,VTBD"
Bangkok,2024-05-06T06:00:00,31,39,26,74.78,0,0,,0,0,27,14.1,164,1007,25,8.6,0,0,0,75,Partially cloudy,partly-cloudy-day,"E4214,VTBS,VTBD"
Bangkok,2024-05-06T07:00:00,30.3,37.9,26,77.53,0,0,,0,0,21.2,12.3,128,1008,25,8,0,0,0,75,Partially cloudy,partly-cloudy-day,"E4214,VTBS,VTBD"
Bangkok,2024-05-06T08:00:00,32,40.5,26,70.65,0,0,,0,0,15.8,8.9,122,1009,25,8.4,214,0.8,2,75,Partially cloudy,partly-cloudy-day,"E4214,VTBS,VTBD"
Bangkok,2024-05-06T09:00:00,34,41.3,24.6,58.19,0,0,,0,0,14,14.8,193,1010,34.2,9,277,1,3,75,Partially cloudy,partly-cloudy-day,"E4214,VTBS,VTBD"
Bangkok,2024-05-06T10:00:00,35.6,43,24.2,52,0,0,,0,0,12.6,13.6,184,1010,25,10,695,2.5,7,75,Partially cloudy,partly-cloudy-day,"E4214,VTBS,VTBD"
Bangkok,2024-05-06T11:00:00,36.6,43.4,23.6,47.38,0,0,,0,0,10.8,16.6,186,1009,25,10,602,2.2,6,60,Partially cloudy,partly-cloudy-day,"E4214,VTBS,VTBD"
Bangkok,2024-05-06T12:00:00,37,42.7,22.6,43.71,0,0,,0,0,9.4,16.1,186,1009,25,10,498,1.8,5,60,Partially cloudy,partly-cloudy-day,"E4214,VTBS,VTBD"
Bangkok,2024-05-06T13:00:00,37.6,42.6,21.8,40.38,0,0,,0,0,10.4,12.5,187,1007,25,10,469,1.7,5,60,Partially cloudy,partly-cloudy-day,"E4214,VTBS,VTBD"
Bangkok,2024-05-06T14:00:00,38.6,44.6,22.5,39.74,0,0,,0,0,10.8,14.3,195,1006,25,10,358,1.3,4,30,Partially cloudy,partly-cloudy-day,"E4214,VTBS,VTBD"
Bangkok,2024-05-06T15:00:00,37.6,43.1,22.2,41.29,0,0,,0,0,11.9,16.9,196,1005.4,25,10,271,1,3,30,Partially cloudy,partly-cloudy-day,"E4214,VTBS,VTBD"
Bangkok,2024-05-06T16:00:00,36.6,41,21.5,41.69,0,0,,0,0,16.2,21.2,200,1005.4,40.8,10,161,0.6,2,10,Partially cloudy,partly-cloudy-day,"E4214,VTBS,VTBD"
Bangkok,2024-05-06T17:00:00,35.6,40.5,22.2,46.08,0,0,,0,0,19.1,17.2,190,1004.4,25,10,89,0.3,1,10,Partially cloudy,partly-cloudy-day,"E4214,VTBS,VTBD"
Bangkok,2024-05-06T18:00:00,34.6,39.7,22.7,50.13,0,0,,0,0,23.4,22.5,190,1007,25,10,56,0.2,1,30,Partially cloudy,partly-cloudy-day,"E4214,VTBS,VTBD"
Bangkok,2024-05-06T19:00:00,32.9,38.8,23.7,58.34,0,0,,0,0,28.8,19.2,194,1007,25,10,56,0.2,0,60,Partially cloudy,partly-cloudy-night,"E4214,VTBS,VTBD"
Bangkok,2024-05-06T20:00:00,32.6,39.9,25,64.24,0.1,100,rain,0,0,25.6,19.3,177,1007,25,10,0,0,0,60,"Rain, Partially cloudy",rain,"VTBS,VTBD"
Bangkok,2024-05-06T21:00:00,32.6,39.6,24.7,63.24,0,0,,0,0,28.1,19.2,184,1007,25,10,0,0,0,60,Partially cloudy,partly-cloudy-night,"VTBS,VTBD"
Bangkok,2024-05-06T22:00:00,32,41.1,26.3,72.21,0,0,,0,0,26.3,15.7,184,1008,25,10,0,0,0,60,Partially cloudy,partly-cloudy-night,"E4214,VTBS,VTBD"
Bangkok,2024-05-06T23:00:00,32,40.5,26,70.65,0,0,,0,0,25.6,16.9,184,1008.6,25,10,0,0,0,60,Partially cloudy,partly-cloudy-night,"E4214,VTBS,VTBD"
